<?xml version="1.0" encoding="UTF-8"?>
<!DOCTYPE mapper
        PUBLIC "-//mybatis.org//DTD mapper 3.0//EN"
        "http://mybatis.org/dtd/mybatis-3-mapper.dtd">

<!-- mapper为映射的根节点，namespace指定Dao接口的完整类名 mybatis会依据这个接口动态创建一个实现类去实现这个接口， 
	而这个实现类是一个Mapper对象 -->
<!--id ="接口中的方法名" parameterType="传入的参数类型" resultType = "返回实体类对象，使用包.类名" -->
<mapper namespace="com.zzl.dao.UserInfoDao">
	<!-- lru:least recently used eviction：置换规则 ，LRU缓存，并每隔60秒刷新，最大存储512个对象，而却返回的对象是只读的 -->
	<cache eviction="LRU" flushInterval="60000" size="512"
		readOnly="true" />
	<select id="findById" parameterType="int"
		resultType="com.zzl.pojo.UserInfo">
		select * from userinfo where id = #{id}
	</select>
	<select id="findAll" resultType="hashmap">
		select * from userinfo
	</select>
	<select id="queryUsersLikeUserName" resultType="UserInfo">
		select id,username as userName,age from userinfo where age>=18
		<if test="name!=null">
			and username like '%${name}%'
		</if>
	</select>

</mapper>