<?xml version="1.0" encoding="UTF-8" ?>
<beans xmlns="http://www.springframework.org/schema/beans"
	xmlns:xsi="http://www.w3.org/2001/XMLSchema-instance"
	xmlns:util="http://www.springframework.org/schema/util"
	xmlns:context="http://www.springframework.org/schema/context"
	xsi:schemaLocation="http://www.springframework.org/schema/beans
        https://www.springframework.org/schema/beans/spring-beans.xsd
        http://www.springframework.org/schema/util
        https://www.springframework.org/schema/util/spring-util.xsd
        http://www.springframework.org/schema/context
        https://www.springframework.org/schema/context/spring-context.xsd">
	<!-- <context:component-scan base-package="com.ssm.chapter4"></context:component-scan> -->
	<util:properties id="jdbcProperties"
		location="classpath*:jdbc.properties"></util:properties>

	<bean id="geLi" class="com.ssm.chapter4.Actor">
		<property name="name" value="刘德华"></property>
	</bean>
	<bean id="moAttack" class="com.ssm.chapter4.MoAttack">
		<constructor-arg name="geLi" ref="geLi"></constructor-arg>
	</bean>

	<bean id="date" class="java.util.Date"></bean>
	
	<bean id="userDao" class="com.ssm.chapter4.UserDaoImpl"></bean>
	<bean id="userService" class="com.ssm.chapter4.UserServiceImpl">
	<!-- 	<property name="userDao" ref="userDao"></property> -->
	</bean>
</beans>