<?xml version="1.0" encoding="UTF-8" ?>
<beans xmlns="http://www.springframework.org/schema/beans"
	xmlns:xsi="http://www.w3.org/2001/XMLSchema-instance"
	xmlns:util="http://www.springframework.org/schema/util"
	xmlns:context="http://www.springframework.org/schema/context"
	xmlns:tx="http://www.springframework.org/schema/tx"
	xmlns:aop="http://www.springframework.org/schema/aop"
	xsi:schemaLocation="http://www.springframework.org/schema/beans
        https://www.springframework.org/schema/beans/spring-beans.xsd
        http://www.springframework.org/schema/util
        https://www.springframework.org/schema/util/spring-util.xsd
        http://www.springframework.org/schema/context
        https://www.springframework.org/schema/context/spring-context.xsd
        http://www.springframework.org/schema/tx
        http://www.springframework.org/schema/tx/spring-tx.xsd
        http://www.springframework.org/schema/aop
        http://www.springframework.org/schema/aop/spring-aop.xsd">


	<context:component-scan base-package="com.zzl.service"></context:component-scan>
	<!--  -->
	<aop:aspectj-autoproxy />
	<!-- <bean id="serviceLog" class="com.zzl.service.impl.ServiceLog"></bean>
	<bean id="testService" class="com.zzl.service.impl.TestService"></bean>
	<bean id="beforeAdvice" class="com.zzl.service.impl.ServiceBeforeAdvice"></bean> -->
	<!-- <aop:config>	
		<aop:pointcut			expression="execution(* com.zzl.service..*(..))" id="pointcut" />
		<aop:advisor advice-ref="beforeAdvice" pointcut-ref="pointcut"/>
		
		<aop:aspect ref="serviceLog">		
			<aop:before method="before"  pointcut-ref="pointcut"/>
			<aop:after method="after" pointcut-ref="pointcut"/>
		</aop:aspect>
	</aop:config> -->
</beans>