<?xml version="1.0" encoding="UTF-8" ?>
<!DOCTYPE configuration
        PUBLIC "-//mybatis.org//DTD Config 3.0//EN"
        "http://mybatis.org/dtd/mybatis-3-config.dtd">

<configuration>
	<properties resource="jdbc.properties">
		<property name="username" value="root"/>
		<property name="password" value="root"/>
	</properties>
	<settings>
		<!-- 开启二级缓存 -->
		<!-- <setting name="cacheEnabled" value="true"/> -->
		<setting name="mapUnderscoreToCamelCase" value="true" /> 
	</settings>
	<typeAliases>
		<typeAlias type="com.zzl.pojo.UserInfo" alias="User"/>
	</typeAliases>
    <!-- 环境配置 -->
    <environments default="development2">
        <environment id="development">
            <transactionManager type="JDBC"/>
            <!-- 数据库连接相关配置 ,这里动态获取config.properties文件中的内容-->
            <!-- UTC代表的是全球标准时间  Asia/Shanghai代表的中国标准时间 -->
            <dataSource type="POOLED">
                <property name="driver" value="com.mysql.cj.jdbc.Driver" />
                <property name="url" value="jdbc:mysql://localhost:3306/mybatis?serverTimezone=Asia/Shanghai" />
                <property name="username" value="root" />
                <property name="password" value="root" />
            </dataSource>  	
        </environment>
        <environment id="development2">
            <transactionManager type="JDBC"/>
            <!-- 数据库连接相关配置 ,这里动态获取config.properties文件中的内容-->
            <!-- UTC代表的是全球标准时间  Asia/Shanghai代表的中国标准时间 -->
            <dataSource type="POOLED">
                <property name="driver" value="${driver}" />
                <property name="url" value="${url}" />
                <property name="username" value="${username}" />
                <property name="password" value="${password}" />
            </dataSource>  	
        </environment>
    </environments>
    
    <!-- mapping文件路径配置 -->
    <mappers>
        <mapper resource="mapper/UserInfoMapper.xml"/>
        <mapper resource="mapper/OrderMapper.xml"/>
    </mappers>
</configuration>